[
  {
    "soal": "Apa nama planet yang paling dekat dengan Matahari?",
    "jawaban": "Merkurius"
  },
  {
    "soal": "Apa nama sungai terpanjang di dunia?",
    "jawaban": "Nil"
  },
  {
    "soal": "Apa nama negara yang memiliki populasi terbesar di dunia?",
    "jawaban": "Cina"
  },
  {
    "soal": "Apa nama peristiwa bersejarah di mana manusia pertama kali mendarat di Bulan?",
    "jawaban": "Apollo 11"
  },
  {
    "soal": "Apa nama teori ilmiah yang menjelaskan bagaimana makhluk hidup berevolusi?",
    "jawaban": "Teori Evolusi"
  }
]