[
  {
    "deskripsi": "Seorang anak laki-laki yang hidup di sebuah planet pasir, bertemu dengan seorang pilot yang terjebak di planet tersebut. Mereka kemudian pergi berpetualang untuk menemukan jawaban dari misteri yang ada di planet itu.",
    "jawaban": "The Little Prince"
  },
  {
    "deskripsi": "Seorang penyihir muda yang tinggal di rumah bawah tanah bersama kucing hitamnya. Dia kemudian direkrut oleh sebuah sekolah sihir untuk mempelajari sihir dan bertualang untuk menyelamatkan dunia sihir.",
    "jawaban": "Kiki's Delivery Service"
  },
  {
    "deskripsi": "Seorang anak laki-laki yang dibesarkan oleh keluarga beruang, pergi ke kota untuk mencari orang tuanya yang hilang. Dia kemudian bertemu dengan seorang gadis dan mereka bersama-sama mencari orang tua si anak.",
    "jawaban": "Paddington"
  },
  {
    "deskripsi": "Seorang anak laki-laki yang tinggal di sebuah desa, bertemu dengan seorang gadis yang datang dari masa depan. Mereka kemudian pergi bersama untuk mencari jawaban dari misteri yang ada di desa tersebut.",
    "jawaban": "Your Name"
  },
  {
    "deskripsi": "Seorang anak laki-laki yang memiliki kemampuan untuk melihat hantu, bertemu dengan seorang gadis yang juga bisa melihat hantu. Mereka kemudian bekerja sama untuk membantu hantu-hantu yang ada di sekitar mereka.",
    "jawaban": "Spirited Away"
  }
]