[
  {
    "deskripsi": "Makanan yang terbuat dari tepung terigu, telur, dan gula, biasanya dihidangkan dengan sirup atau madu.",
    "jawaban": "Pancake"
  },
  {
    "deskripsi": "Makanan yang berasal dari biji-bijian yang difermentasi, biasanya disajikan dengan bumbu-bumbu khas.",
    "jawaban": "Tempe"
  },
  {
    "deskripsi": "Makanan yang terbuat dari daging sapi atau ayam, dimasak dengan saus tomat dan bumbu-bumbu lainnya.",
    "jawaban": "Spaghetti Bolognese"
  },
  {
    "deskripsi": "Makanan yang terbuat dari beras, biasanya dikukus dan disajikan dengan lauk-pauk, seperti ikan, ayam, atau sayuran.",
    "jawaban": "Nasi Uduk"
  },
  {
    "deskripsi": "Makanan yang terbuat dari campuran tepung, telur, dan bumbu-bumbu, digoreng hingga kering dan renyah.",
    "jawaban": "Keripik Kentang"
  }
]