[
  {
    "soal": "Peristiwa bersejarah di mana Indonesia memproklamasikan kemerdekaannya.",
    "jawaban": "Proklamasi Kemerdekaan Indonesia"
  },
  {
    "soal": "Perang besar yang melibatkan banyak negara di dunia pada tahun 1939-1945.",
    "jawaban": "Perang Dunia II"
  },
  {
    "soal": "Revolusi yang terjadi di Rusia pada tahun 1917 dan mengakibatkan runtuhnya Kekaisaran Rusia.",
    "jawaban": "Revolusi Rusia"
  },
  {
    "soal": "Perjanjian yang ditandatangani pada 15 Agustus 1945 untuk mengakhiri Perang Dunia II di Pasifik.",
    "jawaban": "Perjanjian Postdam"
  },
  {
    "soal": "Peristiwa bersejarah di mana manusia pertama kali mendarat di bulan pada tahun 1969.",
    "jawaban": "Pendaratan Manusia di Bulan"
  }
]