[
  {
    "baris1": "Awan putih di langit biru",
    "baris2": "Burung terbang tinggi-tinggi",
    "baris3": "Hati senang bukan kepalang",
    "baris4": "Bertemu kamu sungguh indah"
  },
  {
    "baris1": "Bunga mawar di taman kota",
    "baris2": "Warnanya merah nan elok",
    "baris3": "Senyummu membuatku terpana",
    "baris4": "Hatiku berbunga-bunga"
  },
  {
    "baris1": "Pergi ke pasar beli sayur",
    "baris2": "Ibu masak sayur asem",
    "baris3": "Kamu datang aku senang",
    "baris4": "Semoga kita selalu bersama"
  },
  {
    "baris1": "Anak ayam turun sepuluh",
    "baris2": "Mati satu tinggal sembilan",
    "baris3": "Rindu ini tak terkatakan",
    "baris4": "Ingin bertemu kamu lagi"
  },
  {
    "baris1": "Beli mangga di pasar sore",
    "baris2": "Rasa manis bercampur asam",
    "baris3": "Cintaku padamu tak terhingga",
    "baris4": "Bersamamu hatiku tenteram"
  }
]