[
  {
    "kode": "Lbh tbg kbr slt, jgn cpt wsl",
    "jawaban": "Lebih baik terlambat daripada salah, jangan cepat-cepat"
  },
  {
    "kode": "Kbg kl drj tgk, jgn lpa jg tnm",
    "jawaban": "Kebun kecil tapi rapi, jangan lupa juga tanam"
  },
  {
    "kode": "Jn lp trm ksh, kpd ssg yg mmbn",
    "jawaban": "Jangan lupa ucap terima kasih, kepada siapa saja yang membantu"
  },
  {
    "kode": "Jk tdk bs, jgn prnhh mnysl",
    "jawaban": "Jika tidak bisa, jangan pernah menyesal"
  },
  {
    "kode": "Kl bsk drj, jgn lp hrs dw",
    "jawaban": "Kalau besok rapi, jangan lupa harus doa"
  }
]