[
  {
    "deskripsi": "Game petualangan di mana pemain mengendalikan seorang anak laki-laki yang memiliki kemampuan untuk berubah menjadi berbagai macam hewan.",
    "jawaban": "Okami"
  },
  {
    "deskripsi": "Game strategi di mana pemain membangun dan mengembangkan sebuah peradaban dari awal hingga menjadi superpower.",
    "jawaban": "Civilization"
  },
  {
    "deskripsi": "Game aksi-petualangan di mana pemain mengendalikan seorang penjelajah yang bertualang di dunia terbuka yang luas.",
    "jawaban": "Uncharted"
  },
  {
    "deskripsi": "Game survival horror di mana pemain berjuang untuk bertahan hidup dari serangan makhluk-makhluk mengerikan.",
    "jawaban": "Resident Evil"
  },
  {
    "deskripsi": "Game platformer di mana pemain mengendalikan seorang karakter berbadan lingkaran yang dapat melompat dan menggelinding.",
    "jawaban": "Sonic the Hedgehog"
  }
]