[
  {
    "deskripsi": "Merek produk elektronik yang terkenal dengan slogan 'Imagine the possibilities'.",
    "jawaban": "Samsung"
  },
  {
    "deskripsi": "Merek pakaian olahraga yang terkenal dengan logo bergambar 'Swoosh'.",
    "jawaban": "Nike"
  },
  {
    "deskripsi": "Merek minuman bersoda yang terkenal dengan rasa khasnya dan logo bergambar 'Coca-Cola'.",
    "jawaban": "Coca-Cola"
  },
  {
    "deskripsi": "Merek perangkat keras komputer yang terkenal dengan logo bergambar 'Apel'.",
    "jawaban": "Apple"
  },
  {
    "deskripsi": "Merek makanan ringan yang terkenal dengan bentuk biskuit yang berlubang-lubang.",
    "jawaban": "Oreo"
  }
]