[
  {
    "deskripsi": "Seorang penyihir yang memakai kacamata bulat, berambut acak-acakan, dan memiliki bekas luka berbentuk petir di dahinya.",
    "jawaban": "Harry Potter"
  },
  {
    "deskripsi": "Seorang gadis berambut cokelat yang cerdas, suka membaca buku, dan memiliki dua sahabat dekat.",
    "jawaban": "Hermione Granger"
  },
  {
    "deskripsi": "Seorang anak laki-laki yang memiliki kemampuan untuk melihat masa depan, mengontrol api, dan memiliki tato di seluruh tubuhnya.",
    "jawaban": "Aang"
  },
  {
    "deskripsi": "Seorang gadis berambut pirang yang memiliki kemampuan untuk melihat masa lalu, berkomunikasi dengan hewan, dan menjadi anggota dari suatu kelompok pemberontak.",
    "jawaban": "Ahsoka Tano"
  },
  {
    "deskripsi": "Seorang pria berjenggot yang memiliki kemampuan untuk melakukan sihir, menjadi pengembara, dan menjadi pemimpin sebuah kelompok petualang.",
    "jawaban": "Gandalf"
  }
]